Workbook

Sheet Data
A1: ID | B1: X | C1: Y
A2: 1 | B2: 28 | C2: 1028
A3: 2 | B3: 18 | C3: 1363
A4: 3 | B4: 21 | C4: 1257
A5: 4 | B5: 20 | C5: 1009
A6: 5 | B6: 28 | C6: 1916
A7: 6 | B7: 19 | C7: 1664
A8: 7 | B8: 18 | C8: 861
A9: 8 | B9: 19 | C9: 1247
A10: 9 | B10: 21 | C10: 1834
A11: 10 | B11: 27 | C11: 854
A12: 11 | B12: 26 | C12: 1207
A13: 12 | B13: 29 | C13: 1916
... A101: 100 | B101: 52 | C101: 7769

Sheet Iteration_1
A1: ID | B1: X | C1: Y | D1: Dist C1 | E1: Dist C2 | F1: Dist C3 | G1: Cluster | H1: MinDist
A2: =Data!A2 -> 1 | B2: =Data!B2 -> 28 | C2: =Data!C2 -> 1028 | D2: =SQRT((B2-[1]Centroids!B2)^2+(C2-[1]Centroids!C2)^2) -> 472.00953 | E2: =SQRT((B2-[1]Centroids!B3)^2+(C2-[1]Centroids!C3)^2) -> 2472.0291 | F2: =SQRT((B2-[1]Centroids!B4)^2+(C2-[1]Centroids!C4)^2) -> 6972.0734 | G2: =MATCH(MIN(D2:F2),D2:F2,0) -> 1 | H2: =MIN(D2:F2) -> 472.00953
A3: =Data!A3 -> 2 | B3: =Data!B3 -> 18 | C3: =Data!C3 -> 1363 | D3: =SQRT((B3-[1]Centroids!B2)^2+(C3-[1]Centroids!C2)^2) -> 137.17872 | E3: =SQRT((B3-[1]Centroids!B3)^2+(C3-[1]Centroids!C3)^2) -> 2137.1132 | F3: =SQRT((B3-[1]Centroids!B4)^2+(C3-[1]Centroids!C4)^2) -> 6637.1329 | G3: =MATCH(MIN(D3:F3),D3:F3,0) -> 1 | H3: =MIN(D3:F3) -> 137.17872
A4: =Data!A4 -> 3 | B4: =Data!B4 -> 21 | C4: =Data!C4 -> 1257 | D4: =SQRT((B4-[1]Centroids!B2)^2+(C4-[1]Centroids!C2)^2) -> 243.03292 | E4: =SQRT((B4-[1]Centroids!B3)^2+(C4-[1]Centroids!C3)^2) -> 2243.0805 | F4: =SQRT((B4-[1]Centroids!B4)^2+(C4-[1]Centroids!C4)^2) -> 6743.1128 | G4: =MATCH(MIN(D4:F4),D4:F4,0) -> 1 | H4: =MIN(D4:F4) -> 243.03292
A5: =Data!A5 -> 4 | B5: =Data!B5 -> 20 | C5: =Data!C5 -> 1009 | D5: =SQRT((B5-[1]Centroids!B2)^2+(C5-[1]Centroids!C2)^2) -> 491.02546 | E5: =SQRT((B5-[1]Centroids!B3)^2+(C5-[1]Centroids!C3)^2) -> 2491.0803 | F5: =SQRT((B5-[1]Centroids!B4)^2+(C5-[1]Centroids!C4)^2) -> 6991.1144 | G5: =MATCH(MIN(D5:F5),D5:F5,0) -> 1 | H5: =MIN(D5:F5) -> 491.02546
A6: =Data!A6 -> 5 | B6: =Data!B6 -> 28 | C6: =Data!C6 -> 1916 | D6: =SQRT((B6-[1]Centroids!B2)^2+(C6-[1]Centroids!C2)^2) -> 416.01082 | E6: =SQRT((B6-[1]Centroids!B3)^2+(C6-[1]Centroids!C3)^2) -> 1584.0455 | F6: =SQRT((B6-[1]Centroids!B4)^2+(C6-[1]Centroids!C4)^2) -> 6084.0842 | G6: =MATCH(MIN(D6:F6),D6:F6,0) -> 1 | H6: =MIN(D6:F6) -> 416.01082
A7: =Data!A7 -> 6 | B7: =Data!B7 -> 19 | C7: =Data!C7 -> 1664 | D7: =SQRT((B7-[1]Centroids!B2)^2+(C7-[1]Centroids!C2)^2) -> 164.10972 | E7: =SQRT((B7-[1]Centroids!B3)^2+(C7-[1]Centroids!C3)^2) -> 1836.1201 | F7: =SQRT((B7-[1]Centroids!B4)^2+(C7-[1]Centroids!C4)^2) -> 6336.1327 | G7: =MATCH(MIN(D7:F7),D7:F7,0) -> 1 | H7: =MIN(D7:F7) -> 164.10972
A8: =Data!A8 -> 7 | B8: =Data!B8 -> 18 | C8: =Data!C8 -> 861 | D8: =SQRT((B8-[1]Centroids!B2)^2+(C8-[1]Centroids!C2)^2) -> 639.03834 | E8: =SQRT((B8-[1]Centroids!B3)^2+(C8-[1]Centroids!C3)^2) -> 2639.0917 | F8: =SQRT((B8-[1]Centroids!B4)^2+(C8-[1]Centroids!C4)^2) -> 7139.1235 | G8: =MATCH(MIN(D8:F8),D8:F8,0) -> 1 | H8: =MIN(D8:F8) -> 639.03834
A9: =Data!A9 -> 8 | B9: =Data!B9 -> 19 | C9: =Data!C9 -> 1247 | D9: =SQRT((B9-[1]Centroids!B2)^2+(C9-[1]Centroids!C2)^2) -> 253.07114 | E9: =SQRT((B9-[1]Centroids!B3)^2+(C9-[1]Centroids!C3)^2) -> 2253.0979 | F9: =SQRT((B9-[1]Centroids!B4)^2+(C9-[1]Centroids!C4)^2) -> 6753.1245 | G9: =MATCH(MIN(D9:F9),D9:F9,0) -> 1 | H9: =MIN(D9:F9) -> 253.07114
A10: =Data!A10 -> 9 | B10: =Data!B10 -> 21 | C10: =Data!C10 -> 1834 | D10: =SQRT((B10-[1]Centroids!B2)^2+(C10-[1]Centroids!C2)^2) -> 334.02395 | E10: =SQRT((B10-[1]Centroids!B3)^2+(C10-[1]Centroids!C3)^2) -> 1666.1083 | F10: =SQRT((B10-[1]Centroids!B4)^2+(C10-[1]Centroids!C4)^2) -> 6166.1233 | G10: =MATCH(MIN(D10:F10),D10:F10,0) -> 1 | H10: =MIN(D10:F10) -> 334.02395
A11: =Data!A11 -> 10 | B11: =Data!B11 -> 27 | C11: =Data!C11 -> 854 | D11: =SQRT((B11-[1]Centroids!B2)^2+(C11-[1]Centroids!C2)^2) -> 646.0031 | E11: =SQRT((B11-[1]Centroids!B3)^2+(C11-[1]Centroids!C3)^2) -> 2646.0319 | F11: =SQRT((B11-[1]Centroids!B4)^2+(C11-[1]Centroids!C4)^2) -> 7146.0762 | G11: =MATCH(MIN(D11:F11),D11:F11,0) -> 1 | H11: =MIN(D11:F11) -> 646.0031
A12: =Data!A12 -> 11 | B12: =Data!B12 -> 26 | C12: =Data!C12 -> 1207 | D12: =SQRT((B12-[1]Centroids!B2)^2+(C12-[1]Centroids!C2)^2) -> 293.00171 | E12: =SQRT((B12-[1]Centroids!B3)^2+(C12-[1]Centroids!C3)^2) -> 2293.0427 | F12: =SQRT((B12-[1]Centroids!B4)^2+(C12-[1]Centroids!C4)^2) -> 6793.0851 | G12: =MATCH(MIN(D12:F12),D12:F12,0) -> 1 | H12: =MIN(D12:F12) -> 293.00171
A13: =Data!A13 -> 12 | B13: =Data!B13 -> 29 | C13: =Data!C13 -> 1916 | D13: =SQRT((B13-[1]Centroids!B2)^2+(C13-[1]Centroids!C2)^2) -> 416.01923 | E13: =SQRT((B13-[1]Centroids!B3)^2+(C13-[1]Centroids!C3)^2) -> 1584.0382 | F13: =SQRT((B13-[1]Centroids!B4)^2+(C13-[1]Centroids!C4)^2) -> 6084.079 | G13: =MATCH(MIN(D13:F13),D13:F13,0) -> 1 | H13: =MIN(D13:F13) -> 416.01923
A14: =Data!A14 -> 13 | B14: =Data!B14 -> 24 | C14: =Data!C14 -> 1251 | D14: =SQRT((B14-[1]Centroids!B2)^2+(C14-[1]Centroids!C2)^2) -> 249.00201 | E14: =SQRT((B14-[1]Centroids!B3)^2+(C14-[1]Centroids!C3)^2) -> 2249.0569 | F14: =SQRT((B14-[1]Centroids!B4)^2+(C14-[1]Centroids!C4)^2) -> 6749.096 | G14: =MATCH(MIN(D14:F14),D14:F14,0) -> 1 | H14: =MIN(D14:F14) -> 249.00201
A15: =Data!A15 -> 14 | B15: =Data!B15 -> 25 | C15: =Data!C15 -> 1369 | D15: =SQRT((B15-[1]Centroids!B2)^2+(C15-[1]Centroids!C2)^2) -> 131 | E15: =SQRT((B15-[1]Centroids!B3)^2+(C15-[1]Centroids!C3)^2) -> 2131.0528 | F15: =SQRT((B15-[1]Centroids!B4)^2+(C15-[1]Centroids!C4)^2) -> 6631.0924 | G15: =MATCH(MIN(D15:F15),D15:F15,0) -> 1 | H15: =MIN(D15:F15) -> 131
A16: =Data!A16 -> 15 | B16: =Data!B16 -> 30 | C16: =Data!C16 -> 813 | D16: =SQRT((B16-[1]Centroids!B2)^2+(C16-[1]Centroids!C2)^2) -> 687.01819 | E16: =SQRT((B16-[1]Centroids!B3)^2+(C16-[1]Centroids!C3)^2) -> 2687.0186 | F16: =SQRT((B16-[1]Centroids!B4)^2+(C16-[1]Centroids!C4)^2) -> 7187.0626 | G16: =MATCH(MIN(D16:F16),D16:F16,0) -> 1 | H16: =MIN(D16:F16) -> 687.01819
A17: =Data!A17 -> 16 | B17: =Data!B17 -> 30 | C17: =Data!C17 -> 1126 | D17: =SQRT((B17-[1]Centroids!B2)^2+(C17-[1]Centroids!C2)^2) -> 374.03342 | E17: =SQRT((B17-[1]Centroids!B3)^2+(C17-[1]Centroids!C3)^2) -> 2374.0211 | F17: =SQRT((B17-[1]Centroids!B4)^2+(C17-[1]Centroids!C4)^2) -> 6874.0655 | G17: =MATCH(MIN(D17:F17),D17:F17,0) -> 1 | H17: =MIN(D17:F17) -> 374.03342
A18: =Data!A18 -> 17 | B18: =Data!B18 -> 29 | C18: =Data!C18 -> 1665 | D18: =SQRT((B18-[1]Centroids!B2)^2+(C18-[1]Centroids!C2)^2) -> 165.04848 | E18: =SQRT((B18-[1]Centroids!B3)^2+(C18-[1]Centroids!C3)^2) -> 1835.033 | F18: =SQRT((B18-[1]Centroids!B4)^2+(C18-[1]Centroids!C4)^2) -> 6335.0758 | G18: =MATCH(MIN(D18:F18),D18:F18,0) -> 1 | H18: =MIN(D18:F18) -> 165.04848
A19: =Data!A19 -> 18 | B19: =Data!B19 -> 23 | C19: =Data!C19 -> 1369 | D19: =SQRT((B19-[1]Centroids!B2)^2+(C19-[1]Centroids!C2)^2) -> 131.01527 | E19: =SQRT((B19-[1]Centroids!B3)^2+(C19-[1]Centroids!C3)^2) -> 2131.0678 | F19: =SQRT((B19-[1]Centroids!B4)^2+(C19-[1]Centroids!C4)^2) -> 6631.1032 | G19: =MATCH(MIN(D19:F19),D19:F19,0) -> 1 | H19: =MIN(D19:F19) -> 131.01527
A20: =Data!A20 -> 19 | B20: =Data!B20 -> 20 | C20: =Data!C20 -> 1240 | D20: =SQRT((B20-[1]Centroids!B2)^2+(C20-[1]Centroids!C2)^2) -> 260.04807 | E20: =SQRT((B20-[1]Centroids!B3)^2+(C20-[1]Centroids!C3)^2) -> 2260.0885 | F20: =SQRT((B20-[1]Centroids!B4)^2+(C20-[1]Centroids!C4)^2) -> 6760.1183 | G20: =MATCH(MIN(D20:F20),D20:F20,0) -> 1 | H20: =MIN(D20:F20) -> 260.04807
A21: =Data!A21 -> 20 | B21: =Data!B21 -> 30 | C21: =Data!C21 -> 1489 | D21: =SQRT((B21-[1]Centroids!B2)^2+(C21-[1]Centroids!C2)^2) -> 12.083046 | E21: =SQRT((B21-[1]Centroids!B3)^2+(C21-[1]Centroids!C3)^2) -> 2011.0249 | F21: =SQRT((B21-[1]Centroids!B4)^2+(C21-[1]Centroids!C4)^2) -> 6511.0691 | G21: =MATCH(MIN(D21:F21),D21:F21,0) -> 1 | H21: =MIN(D21:F21) -> 12.083046
A22: =Data!A22 -> 21 | B22: =Data!B22 -> 19 | C22: =Data!C22 -> 989 | D22: =SQRT((B22-[1]Centroids!B2)^2+(C22-[1]Centroids!C2)^2) -> 511.03522 | E22: =SQRT((B22-[1]Centroids!B3)^2+(C22-[1]Centroids!C3)^2) -> 2511.0878 | F22: =SQRT((B22-[1]Centroids!B4)^2+(C22-[1]Centroids!C4)^2) -> 7011.1199 | G22: =MATCH(MIN(D22:F22),D22:F22,0) -> 1 | H22: =MIN(D22:F22) -> 511.03522
A23: =Data!A23 -> 22 | B23: =Data!B23 -> 24 | C23: =Data!C23 -> 998 | D23: =SQRT((B23-[1]Centroids!B2)^2+(C23-[1]Centroids!C2)^2) -> 502.001 | E23: =SQRT((B23-[1]Centroids!B3)^2+(C23-[1]Centroids!C3)^2) -> 2502.0512 | F23: =SQRT((B23-[1]Centroids!B4)^2+(C23-[1]Centroids!C4)^2) -> 7002.0925 | G23: =MATCH(MIN(D23:F23),D23:F23,0) -> 1 | H23: =MIN(D23:F23) -> 502.001
A24: =Data!A24 -> 23 | B24: =Data!B24 -> 23 | C24: =Data!C24 -> 1504 | D24: =SQRT((B24-[1]Centroids!B2)^2+(C24-[1]Centroids!C2)^2) -> 4.472136 | E24: =SQRT((B24-[1]Centroids!B3)^2+(C24-[1]Centroids!C3)^2) -> 1996.0724 | F24: =SQRT((B24-[1]Centroids!B4)^2+(C24-[1]Centroids!C4)^2) -> 6496.1054 | G24: =MATCH(MIN(D24:F24),D24:F24,0) -> 1 | H24: =MIN(D24:F24) -> 4.472136
A25: =Data!A25 -> 24 | B25: =Data!B25 -> 27 | C25: =Data!C25 -> 1341 | D25: =SQRT((B25-[1]Centroids!B2)^2+(C25-[1]Centroids!C2)^2) -> 159.01258 | E25: =SQRT((B25-[1]Centroids!B3)^2+(C25-[1]Centroids!C3)^2) -> 2159.0391 | F25: =SQRT((B25-[1]Centroids!B4)^2+(C25-[1]Centroids!C4)^2) -> 6659.0818 | G25: =MATCH(MIN(D25:F25),D25:F25,0) -> 1 | H25: =MIN(D25:F25) -> 159.01258
A26: =Data!A26 -> 25 | B26: =Data!B26 -> 30 | C26: =Data!C26 -> 888 | D26: =SQRT((B26-[1]Centroids!B2)^2+(C26-[1]Centroids!C2)^2) -> 612.02042 | E26: =SQRT((B26-[1]Centroids!B3)^2+(C26-[1]Centroids!C3)^2) -> 2612.0191 | F26: =SQRT((B26-[1]Centroids!B4)^2+(C26-[1]Centroids!C4)^2) -> 7112.0633 | G26: =MATCH(MIN(D26:F26),D26:F26,0) -> 1 | H26: =MIN(D26:F26) -> 612.02042
A27: =Data!A27 -> 26 | B27: =Data!B27 -> 29 | C27: =Data!C27 -> 1740 | D27: =SQRT((B27-[1]Centroids!B2)^2+(C27-[1]Centroids!C2)^2) -> 240.03333 | E27: =SQRT((B27-[1]Centroids!B3)^2+(C27-[1]Centroids!C3)^2) -> 1760.0344 | F27: =SQRT((B27-[1]Centroids!B4)^2+(C27-[1]Centroids!C4)^2) -> 6260.0768 | G27: =MATCH(MIN(D27:F27),D27:F27,0) -> 1 | H27: =MIN(D27:F27) -> 240.03333
A28: =Data!A28 -> 27 | B28: =Data!B28 -> 26 | C28: =Data!C28 -> 1055 | D28: =SQRT((B28-[1]Centroids!B2)^2+(C28-[1]Centroids!C2)^2) -> 445.00112 | E28: =SQRT((B28-[1]Centroids!B3)^2+(C28-[1]Centroids!C3)^2) -> 2445.0401 | F28: =SQRT((B28-[1]Centroids!B4)^2+(C28-[1]Centroids!C4)^2) -> 6945.0832 | G28: =MATCH(MIN(D28:F28),D28:F28,0) -> 1 | H28: =MIN(D28:F28) -> 445.00112
A29: =Data!A29 -> 28 | B29: =Data!B29 -> 24 | C29: =Data!C29 -> 961 | D29: =SQRT((B29-[1]Centroids!B2)^2+(C29-[1]Centroids!C2)^2) -> 539.00093 | E29: =SQRT((B29-[1]Centroids!B3)^2+(C29-[1]Centroids!C3)^2) -> 2539.0504 | F29: =SQRT((B29-[1]Centroids!B4)^2+(C29-[1]Centroids!C4)^2) -> 7039.0921 | G29: =MATCH(MIN(D29:F29),D29:F29,0) -> 1 | H29: =MIN(D29:F29) -> 539.00093
A30: =Data!A30 -> 29 | B30: =Data!B30 -> 26 | C30: =Data!C30 -> 1400 | D30: =SQRT((B30-[1]Centroids!B2)^2+(C30-[1]Centroids!C2)^2) -> 100.005 | E30: =SQRT((B30-[1]Centroids!B3)^2+(C30-[1]Centroids!C3)^2) -> 2100.0467 | F30: =SQRT((B30-[1]Centroids!B4)^2+(C30-[1]Centroids!C4)^2) -> 6600.0876 | G30: =MATCH(MIN(D30:F30),D30:F30,0) -> 1 | H30: =MIN(D30:F30) -> 100.005
A31: =Data!A31 -> 30 | B31: =Data!B31 -> 28 | C31: =Data!C31 -> 1540 | D31: =SQRT((B31-[1]Centroids!B2)^2+(C31-[1]Centroids!C2)^2) -> 40.112342 | E31: =SQRT((B31-[1]Centroids!B3)^2+(C31-[1]Centroids!C3)^2) -> 1960.0367 | F31: =SQRT((B31-[1]Centroids!B4)^2+(C31-[1]Centroids!C4)^2) -> 6460.0793 | G31: =MATCH(MIN(D31:F31),D31:F31,0) -> 1 | H31: =MIN(D31:F31) -> 40.112342
A32: =Data!A32 -> 31 | B32: =Data!B32 -> 27 | C32: =Data!C32 -> 1193 | D32: =SQRT((B32-[1]Centroids!B2)^2+(C32-[1]Centroids!C2)^2) -> 307.00651 | E32: =SQRT((B32-[1]Centroids!B3)^2+(C32-[1]Centroids!C3)^2) -> 2307.0366 | F32: =SQRT((B32-[1]Centroids!B4)^2+(C32-[1]Centroids!C4)^2) -> 6807.08 | G32: =MATCH(MIN(D32:F32),D32:F32,0) -> 1 | H32: =MIN(D32:F32) -> 307.00651
A33: =Data!A33 -> 32 | B33: =Data!B33 -> 29 | C33: =Data!C33 -> 942 | D33: =SQRT((B33-[1]Centroids!B2)^2+(C33-[1]Centroids!C2)^2) -> 558.01434 | E33: =SQRT((B33-[1]Centroids!B3)^2+(C33-[1]Centroids!C3)^2) -> 2558.0237 | F33: =SQRT((B33-[1]Centroids!B4)^2+(C33-[1]Centroids!C4)^2) -> 7058.0681 | G33: =MATCH(MIN(D33:F33),D33:F33,0) -> 1 | H33: =MIN(D33:F33) -> 558.01434
A34: =Data!A34 -> 33 | B34: =Data!B34 -> 18 | C34: =Data!C34 -> 1266 | D34: =SQRT((B34-[1]Centroids!B2)^2+(C34-[1]Centroids!C2)^2) -> 234.10468 | E34: =SQRT((B34-[1]Centroids!B3)^2+(C34-[1]Centroids!C3)^2) -> 2234.1083 | F34: =SQRT((B34-[1]Centroids!B4)^2+(C34-[1]Centroids!C4)^2) -> 6734.131 | G34: =MATCH(MIN(D34:F34),D34:F34,0) -> 1 | H34: =MIN(D34:F34) -> 234.10468
A35: =Data!A35 -> 34 | B35: =Data!B35 -> 39 | C35: =Data!C35 -> 2326 | D35: =SQRT((B35-[1]Centroids!B2)^2+(C35-[1]Centroids!C2)^2) -> 826.11864 | E35: =SQRT((B35-[1]Centroids!B3)^2+(C35-[1]Centroids!C3)^2) -> 1174.0004 | F35: =SQRT((B35-[1]Centroids!B4)^2+(C35-[1]Centroids!C4)^2) -> 5674.0389 | G35: =MATCH(MIN(D35:F35),D35:F35,0) -> 1 | H35: =MIN(D35:F35) -> 826.11864
A36: =Data!A36 -> 35 | B36: =Data!B36 -> 37 | C36: =Data!C36 -> 2413 | D36: =SQRT((B36-[1]Centroids!B2)^2+(C36-[1]Centroids!C2)^2) -> 913.07886 | E36: =SQRT((B36-[1]Centroids!B3)^2+(C36-[1]Centroids!C3)^2) -> 1087.0041 | F36: =SQRT((B36-[1]Centroids!B4)^2+(C36-[1]Centroids!C4)^2) -> 5587.0473 | G36: =MATCH(MIN(D36:F36),D36:F36,0) -> 1 | H36: =MIN(D36:F36) -> 913.07886
A37: =Data!A37 -> 36 | B37: =Data!B37 -> 42 | C37: =Data!C37 -> 3138 | D37: =SQRT((B37-[1]Centroids!B2)^2+(C37-[1]Centroids!C2)^2) -> 1638.0882 | E37: =SQRT((B37-[1]Centroids!B3)^2+(C37-[1]Centroids!C3)^2) -> 362.00552 | F37: =SQRT((B37-[1]Centroids!B4)^2+(C37-[1]Centroids!C4)^2) -> 4862.0333 | G37: =MATCH(MIN(D37:F37),D37:F37,0) -> 2 | H37: =MIN(D37:F37) -> 362.00552
A38: =Data!A38 -> 37 | B38: =Data!B38 -> 44 | C38: =Data!C38 -> 4603 | D38: =SQRT((B38-[1]Centroids!B2)^2+(C38-[1]Centroids!C2)^2) -> 3103.0582 | E38: =SQRT((B38-[1]Centroids!B3)^2+(C38-[1]Centroids!C3)^2) -> 1103.0073 | F38: =SQRT((B38-[1]Centroids!B4)^2+(C38-[1]Centroids!C4)^2) -> 3397.0377 | G38: =MATCH(MIN(D38:F38),D38:F38,0) -> 2 | H38: =MIN(D38:F38) -> 1103.0073
A39: =Data!A39 -> 38 | B39: =Data!B39 -> 41 | C39: =Data!C39 -> 2666 | D39: =SQRT((B39-[1]Centroids!B2)^2+(C39-[1]Centroids!C2)^2) -> 1166.1098 | E39: =SQRT((B39-[1]Centroids!B3)^2+(C39-[1]Centroids!C3)^2) -> 834.0006 | F39: =SQRT((B39-[1]Centroids!B4)^2+(C39-[1]Centroids!C4)^2) -> 5334.0338 | G39: =MATCH(MIN(D39:F39),D39:F39,0) -> 2 | H39: =MIN(D39:F39) -> 834.0006
A40: =Data!A40 -> 39 | B40: =Data!B40 -> 41 | C40: =Data!C40 -> 3455 | D40: =SQRT((B40-[1]Centroids!B2)^2+(C40-[1]Centroids!C2)^2) -> 1955.0655 | E40: =SQRT((B40-[1]Centroids!B3)^2+(C40-[1]Centroids!C3)^2) -> 45.01111 | F40: =SQRT((B40-[1]Centroids!B4)^2+(C40-[1]Centroids!C4)^2) -> 4545.0397 | G40: =MATCH(MIN(D40:F40),D40:F40,0) -> 2 | H40: =MIN(D40:F40) -> 45.01111
A41: =Data!A41 -> 40 | B41: =Data!B41 -> 36 | C41: =Data!C41 -> 4745 | D41: =SQRT((B41-[1]Centroids!B2)^2+(C41-[1]Centroids!C2)^2) -> 3245.0186 | E41: =SQRT((B41-[1]Centroids!B3)^2+(C41-[1]Centroids!C3)^2) -> 1245.0064 | F41: =SQRT((B41-[1]Centroids!B4)^2+(C41-[1]Centroids!C4)^2) -> 3255.0885 | G41: =MATCH(MIN(D41:F41),D41:F41,0) -> 2 | H41: =MIN(D41:F41) -> 1245.0064
A42: =Data!A42 -> 41 | B42: =Data!B42 -> 38 | C42: =Data!C42 -> 4874 | D42: =SQRT((B42-[1]Centroids!B2)^2+(C42-[1]Centroids!C2)^2) -> 3374.025 | E42: =SQRT((B42-[1]Centroids!B3)^2+(C42-[1]Centroids!C3)^2) -> 1374.0015 | F42: =SQRT((B42-[1]Centroids!B4)^2+(C42-[1]Centroids!C4)^2) -> 3126.0774 | G42: =MATCH(MIN(D42:F42),D42:F42,0) -> 2 | H42: =MIN(D42:F42) -> 1374.0015
A43: =Data!A43 -> 42 | B43: =Data!B43 -> 50 | C43: =Data!C43 -> 2292 | D43: =SQRT((B43-[1]Centroids!B2)^2+(C43-[1]Centroids!C2)^2) -> 792.39447 | E43: =SQRT((B43-[1]Centroids!B3)^2+(C43-[1]Centroids!C3)^2) -> 1208.0414 | F43: =SQRT((B43-[1]Centroids!B4)^2+(C43-[1]Centroids!C4)^2) -> 5708.0088 | G43: =MATCH(MIN(D43:F43),D43:F43,0) -> 1 | H43: =MIN(D43:F43) -> 792.39447
A44: =Data!A44 -> 43 | B44: =Data!B44 -> 49 | C44: =Data!C44 -> 4600 | D44: =SQRT((B44-[1]Centroids!B2)^2+(C44-[1]Centroids!C2)^2) -> 3100.0929 | E44: =SQRT((B44-[1]Centroids!B3)^2+(C44-[1]Centroids!C3)^2) -> 1100.0368 | F44: =SQRT((B44-[1]Centroids!B4)^2+(C44-[1]Centroids!C4)^2) -> 3400.0178 | G44: =MATCH(MIN(D44:F44),D44:F44,0) -> 2 | H44: =MIN(D44:F44) -> 1100.0368
A45: =Data!A45 -> 44 | B45: =Data!B45 -> 35 | C45: =Data!C45 -> 4187 | D45: =SQRT((B45-[1]Centroids!B2)^2+(C45-[1]Centroids!C2)^2) -> 2687.0186 | E45: =SQRT((B45-[1]Centroids!B3)^2+(C45-[1]Centroids!C3)^2) -> 687.01819 | F45: =SQRT((B45-[1]Centroids!B4)^2+(C45-[1]Centroids!C4)^2) -> 3813.082 | G45: =MATCH(MIN(D45:F45),D45:F45,0) -> 2 | H45: =MIN(D45:F45) -> 687.01819
A46: =Data!A46 -> 45 | B46: =Data!B46 -> 37 | C46: =Data!C46 -> 2669 | D46: =SQRT((B46-[1]Centroids!B2)^2+(C46-[1]Centroids!C2)^2) -> 1169.0616 | E46: =SQRT((B46-[1]Centroids!B3)^2+(C46-[1]Centroids!C3)^2) -> 831.00542 | F46: =SQRT((B46-[1]Centroids!B4)^2+(C46-[1]Centroids!C4)^2) -> 5331.0496 | G46: =MATCH(MIN(D46:F46),D46:F46,0) -> 2 | H46: =MIN(D46:F46) -> 831.00542
A47: =Data!A47 -> 46 | B47: =Data!B47 -> 44 | C47: =Data!C47 -> 3554 | D47: =SQRT((B47-[1]Centroids!B2)^2+(C47-[1]Centroids!C2)^2) -> 2054.0879 | E47: =SQRT((B47-[1]Centroids!B3)^2+(C47-[1]Centroids!C3)^2) -> 54.147945 | F47: =SQRT((B47-[1]Centroids!B4)^2+(C47-[1]Centroids!C4)^2) -> 4446.0288 | G47: =MATCH(MIN(D47:F47),D47:F47,0) -> 2 | H47: =MIN(D47:F47) -> 54.147945
A48: =Data!A48 -> 47 | B48: =Data!B48 -> 38 | C48: =Data!C48 -> 4621 | D48: =SQRT((B48-[1]Centroids!B2)^2+(C48-[1]Centroids!C2)^2) -> 3121.0271 | E48: =SQRT((B48-[1]Centroids!B3)^2+(C48-[1]Centroids!C3)^2) -> 1121.0018 | F48: =SQRT((B48-[1]Centroids!B4)^2+(C48-[1]Centroids!C4)^2) -> 3379.0716 | G48: =MATCH(MIN(D48:F48),D48:F48,0) -> 2 | H48: =MIN(D48:F48) -> 1121.0018
A49: =Data!A49 -> 48 | B49: =Data!B49 -> 47 | C49: =Data!C49 -> 2899 | D49: =SQRT((B49-[1]Centroids!B2)^2+(C49-[1]Centroids!C2)^2) -> 1399.173 | E49: =SQRT((B49-[1]Centroids!B3)^2+(C49-[1]Centroids!C3)^2) -> 601.04076 | F49: =SQRT((B49-[1]Centroids!B4)^2+(C49-[1]Centroids!C4)^2) -> 5101.0166 | G49: =MATCH(MIN(D49:F49),D49:F49,0) -> 2 | H49: =MIN(D49:F49) -> 601.04076
A50: =Data!A50 -> 49 | B50: =Data!B50 -> 40 | C50: =Data!C50 -> 2229 | D50: =SQRT((B50-[1]Centroids!B2)^2+(C50-[1]Centroids!C2)^2) -> 729.1543 | E50: =SQRT((B50-[1]Centroids!B3)^2+(C50-[1]Centroids!C3)^2) -> 1271 | F50: =SQRT((B50-[1]Centroids!B4)^2+(C50-[1]Centroids!C4)^2) -> 5771.0347 | G50: =MATCH(MIN(D50:F50),D50:F50,0) -> 1 | H50: =MIN(D50:F50) -> 729.1543
A51: =Data!A51 -> 50 | B51: =Data!B51 -> 37 | C51: =Data!C51 -> 2131 | D51: =SQRT((B51-[1]Centroids!B2)^2+(C51-[1]Centroids!C2)^2) -> 631.11409 | E51: =SQRT((B51-[1]Centroids!B3)^2+(C51-[1]Centroids!C3)^2) -> 1369.0033 | F51: =SQRT((B51-[1]Centroids!B4)^2+(C51-[1]Centroids!C4)^2) -> 5869.0451 | G51: =MATCH(MIN(D51:F51),D51:F51,0) -> 1 | H51: =MIN(D51:F51) -> 631.11409
A52: =Data!A52 -> 51 | B52: =Data!B52 -> 40 | C52: =Data!C52 -> 3643 | D52: =SQRT((B52-[1]Centroids!B2)^2+(C52-[1]Centroids!C2)^2) -> 2143.0525 | E52: =SQRT((B52-[1]Centroids!B3)^2+(C52-[1]Centroids!C3)^2) -> 143 | F52: =SQRT((B52-[1]Centroids!B4)^2+(C52-[1]Centroids!C4)^2) -> 4357.0459 | G52: =MATCH(MIN(D52:F52),D52:F52,0) -> 2 | H52: =MIN(D52:F52) -> 143
A53: =Data!A53 -> 52 | B53: =Data!B53 -> 38 | C53: =Data!C53 -> 2271 | D53: =SQRT((B53-[1]Centroids!B2)^2+(C53-[1]Centroids!C2)^2) -> 771.10959 | E53: =SQRT((B53-[1]Centroids!B3)^2+(C53-[1]Centroids!C3)^2) -> 1229.0016 | F53: =SQRT((B53-[1]Centroids!B4)^2+(C53-[1]Centroids!C4)^2) -> 5729.0422 | G53: =MATCH(MIN(D53:F53),D53:F53,0) -> 1 | H53: =MIN(D53:F53) -> 771.10959
A54: =Data!A54 -> 53 | B54: =Data!B54 -> 36 | C54: =Data!C54 -> 4323 | D54: =SQRT((B54-[1]Centroids!B2)^2+(C54-[1]Centroids!C2)^2) -> 2823.0214 | E54: =SQRT((B54-[1]Centroids!B3)^2+(C54-[1]Centroids!C3)^2) -> 823.00972 | F54: =SQRT((B54-[1]Centroids!B4)^2+(C54-[1]Centroids!C4)^2) -> 3677.0783 | G54: =MATCH(MIN(D54:F54),D54:F54,0) -> 2 | H54: =MIN(D54:F54) -> 823.00972
A55: =Data!A55 -> 54 | B55: =Data!B55 -> 40 | C55: =Data!C55 -> 2870 | D55: =SQRT((B55-[1]Centroids!B2)^2+(C55-[1]Centroids!C2)^2) -> 1370.0821 | E55: =SQRT((B55-[1]Centroids!B3)^2+(C55-[1]Centroids!C3)^2) -> 630 | F55: =SQRT((B55-[1]Centroids!B4)^2+(C55-[1]Centroids!C4)^2) -> 5130.039 | G55: =MATCH(MIN(D55:F55),D55:F55,0) -> 2 | H55: =MIN(D55:F55) -> 630
A56: =Data!A56 -> 55 | B56: =Data!B56 -> 50 | C56: =Data!C56 -> 4044 | D56: =SQRT((B56-[1]Centroids!B2)^2+(C56-[1]Centroids!C2)^2) -> 2544.1228 | E56: =SQRT((B56-[1]Centroids!B3)^2+(C56-[1]Centroids!C3)^2) -> 544.0919 | F56: =SQRT((B56-[1]Centroids!B4)^2+(C56-[1]Centroids!C4)^2) -> 3956.0126 | G56: =MATCH(MIN(D56:F56),D56:F56,0) -> 2 | H56: =MIN(D56:F56) -> 544.0919
A57: =Data!A57 -> 56 | B57: =Data!B57 -> 42 | C57: =Data!C57 -> 4633 | D57: =SQRT((B57-[1]Centroids!B2)^2+(C57-[1]Centroids!C2)^2) -> 3133.0461 | E57: =SQRT((B57-[1]Centroids!B3)^2+(C57-[1]Centroids!C3)^2) -> 1133.0018 | F57: =SQRT((B57-[1]Centroids!B4)^2+(C57-[1]Centroids!C4)^2) -> 3367.0481 | G57: =MATCH(MIN(D57:F57),D57:F57,0) -> 2 | H57: =MIN(D57:F57) -> 1133.0018
A58: =Data!A58 -> 57 | B58: =Data!B58 -> 44 | C58: =Data!C58 -> 2585 | D58: =SQRT((B58-[1]Centroids!B2)^2+(C58-[1]Centroids!C2)^2) -> 1085.1663 | E58: =SQRT((B58-[1]Centroids!B3)^2+(C58-[1]Centroids!C3)^2) -> 915.00874 | F58: =SQRT((B58-[1]Centroids!B4)^2+(C58-[1]Centroids!C4)^2) -> 5415.0236 | G58: =MATCH(MIN(D58:F58),D58:F58,0) -> 2 | H58: =MIN(D58:F58) -> 915.00874
A59: =Data!A59 -> 58 | B59: =Data!B59 -> 38 | C59: =Data!C59 -> 2571 | D59: =SQRT((B59-[1]Centroids!B2)^2+(C59-[1]Centroids!C2)^2) -> 1071.0789 | E59: =SQRT((B59-[1]Centroids!B3)^2+(C59-[1]Centroids!C3)^2) -> 929.00215 | F59: =SQRT((B59-[1]Centroids!B4)^2+(C59-[1]Centroids!C4)^2) -> 5429.0446 | G59: =MATCH(MIN(D59:F59),D59:F59,0) -> 2 | H59: =MIN(D59:F59) -> 929.00215
A60: =Data!A60 -> 59 | B60: =Data!B60 -> 37 | C60: =Data!C60 -> 4299 | D60: =SQRT((B60-[1]Centroids!B2)^2+(C60-[1]Centroids!C2)^2) -> 2799.0257 | E60: =SQRT((B60-[1]Centroids!B3)^2+(C60-[1]Centroids!C3)^2) -> 799.00563 | F60: =SQRT((B60-[1]Centroids!B4)^2+(C60-[1]Centroids!C4)^2) -> 3701.0715 | G60: =MATCH(MIN(D60:F60),D60:F60,0) -> 2 | H60: =MIN(D60:F60) -> 799.00563
A61: =Data!A61 -> 60 | B61: =Data!B61 -> 47 | C61: =Data!C61 -> 3076 | D61: =SQRT((B61-[1]Centroids!B2)^2+(C61-[1]Centroids!C2)^2) -> 1576.1535 | E61: =SQRT((B61-[1]Centroids!B3)^2+(C61-[1]Centroids!C3)^2) -> 424.05778 | F61: =SQRT((B61-[1]Centroids!B4)^2+(C61-[1]Centroids!C4)^2) -> 4924.0172 | G61: =MATCH(MIN(D61:F61),D61:F61,0) -> 2 | H61: =MIN(D61:F61) -> 424.05778
A62: =Data!A62 -> 61 | B62: =Data!B62 -> 48 | C62: =Data!C62 -> 3754 | D62: =SQRT((B62-[1]Centroids!B2)^2+(C62-[1]Centroids!C2)^2) -> 2254.1173 | E62: =SQRT((B62-[1]Centroids!B3)^2+(C62-[1]Centroids!C3)^2) -> 254.12595 | F62: =SQRT((B62-[1]Centroids!B4)^2+(C62-[1]Centroids!C4)^2) -> 4246.017 | G62: =MATCH(MIN(D62:F62),D62:F62,0) -> 2 | H62: =MIN(D62:F62) -> 254.12595
A63: =Data!A63 -> 62 | B63: =Data!B63 -> 48 | C63: =Data!C63 -> 3635 | D63: =SQRT((B63-[1]Centroids!B2)^2+(C63-[1]Centroids!C2)^2) -> 2135.1239 | E63: =SQRT((B63-[1]Centroids!B3)^2+(C63-[1]Centroids!C3)^2) -> 135.23683 | F63: =SQRT((B63-[1]Centroids!B4)^2+(C63-[1]Centroids!C4)^2) -> 4365.0165 | G63: =MATCH(MIN(D63:F63),D63:F63,0) -> 2 | H63: =MIN(D63:F63) -> 135.23683
A64: =Data!A64 -> 63 | B64: =Data!B64 -> 41 | C64: =Data!C64 -> 2898 | D64: =SQRT((B64-[1]Centroids!B2)^2+(C64-[1]Centroids!C2)^2) -> 1398.0916 | E64: =SQRT((B64-[1]Centroids!B3)^2+(C64-[1]Centroids!C3)^2) -> 602.00083 | F64: =SQRT((B64-[1]Centroids!B4)^2+(C64-[1]Centroids!C4)^2) -> 5102.0354 | G64: =MATCH(MIN(D64:F64),D64:F64,0) -> 2 | H64: =MIN(D64:F64) -> 602.00083
A65: =Data!A65 -> 64 | B65: =Data!B65 -> 34 | C65: =Data!C65 -> 4087 | D65: =SQRT((B65-[1]Centroids!B2)^2+(C65-[1]Centroids!C2)^2) -> 2587.0157 | E65: =SQRT((B65-[1]Centroids!B3)^2+(C65-[1]Centroids!C3)^2) -> 587.03066 | F65: =SQRT((B65-[1]Centroids!B4)^2+(C65-[1]Centroids!C4)^2) -> 3913.0864 | G65: =MATCH(MIN(D65:F65),D65:F65,0) -> 2 | H65: =MIN(D65:F65) -> 587.03066
A66: =Data!A66 -> 65 | B66: =Data!B66 -> 45 | C66: =Data!C66 -> 2372 | D66: =SQRT((B66-[1]Centroids!B2)^2+(C66-[1]Centroids!C2)^2) -> 872.22933 | E66: =SQRT((B66-[1]Centroids!B3)^2+(C66-[1]Centroids!C3)^2) -> 1128.0111 | F66: =SQRT((B66-[1]Centroids!B4)^2+(C66-[1]Centroids!C4)^2) -> 5628.02 | G66: =MATCH(MIN(D66:F66),D66:F66,0) -> 1 | H66: =MIN(D66:F66) -> 872.22933
A67: =Data!A67 -> 66 | B67: =Data!B67 -> 31 | C67: =Data!C67 -> 2449 | D67: =SQRT((B67-[1]Centroids!B2)^2+(C67-[1]Centroids!C2)^2) -> 949.01897 | E67: =SQRT((B67-[1]Centroids!B3)^2+(C67-[1]Centroids!C3)^2) -> 1051.0385 | F67: =SQRT((B67-[1]Centroids!B4)^2+(C67-[1]Centroids!C4)^2) -> 5551.0758 | G67: =MATCH(MIN(D67:F67),D67:F67,0) -> 1 | H67: =MIN(D67:F67) -> 949.01897
A68: =Data!A68 -> 67 | B68: =Data!B68 -> 54 | C68: =Data!C68 -> 6310 | D68: =SQRT((B68-[1]Centroids!B2)^2+(C68-[1]Centroids!C2)^2) -> 4810.0874 | E68: =SQRT((B68-[1]Centroids!B3)^2+(C68-[1]Centroids!C3)^2) -> 2810.0349 | F68: =SQRT((B68-[1]Centroids!B4)^2+(C68-[1]Centroids!C4)^2) -> 1690.0107 | G68: =MATCH(MIN(D68:F68),D68:F68,0) -> 3 | H68: =MIN(D68:F68) -> 1690.0107
A69: =Data!A69 -> 68 | B69: =Data!B69 -> 63 | C69: =Data!C69 -> 9885 | D69: =SQRT((B69-[1]Centroids!B2)^2+(C69-[1]Centroids!C2)^2) -> 8385.0861 | E69: =SQRT((B69-[1]Centroids!B3)^2+(C69-[1]Centroids!C3)^2) -> 6385.0414 | F69: =SQRT((B69-[1]Centroids!B4)^2+(C69-[1]Centroids!C4)^2) -> 1885.0024 | G69: =MATCH(MIN(D69:F69),D69:F69,0) -> 3 | H69: =MIN(D69:F69) -> 1885.0024
A70: =Data!A70 -> 69 | B70: =Data!B70 -> 52 | C70: =Data!C70 -> 8152 | D70: =SQRT((B70-[1]Centroids!B2)^2+(C70-[1]Centroids!C2)^2) -> 6652.0548 | E70: =SQRT((B70-[1]Centroids!B3)^2+(C70-[1]Centroids!C3)^2) -> 4652.0155 | F70: =SQRT((B70-[1]Centroids!B4)^2+(C70-[1]Centroids!C4)^2) -> 152.21038 | G70: =MATCH(MIN(D70:F70),D70:F70,0) -> 3 | H70: =MIN(D70:F70) -> 152.21038
A71: =Data!A71 -> 70 | B71: =Data!B71 -> 62 | C71: =Data!C71 -> 9881 | D71: =SQRT((B71-[1]Centroids!B2)^2+(C71-[1]Centroids!C2)^2) -> 8381.0817 | E71: =SQRT((B71-[1]Centroids!B3)^2+(C71-[1]Centroids!C3)^2) -> 6381.0379 | F71: =SQRT((B71-[1]Centroids!B4)^2+(C71-[1]Centroids!C4)^2) -> 1881.0011 | G71: =MATCH(MIN(D71:F71),D71:F71,0) -> 3 | H71: =MIN(D71:F71) -> 1881.0011
A72: =Data!A72 -> 71 | B72: =Data!B72 -> 64 | C72: =Data!C72 -> 9334 | D72: =SQRT((B72-[1]Centroids!B2)^2+(C72-[1]Centroids!C2)^2) -> 7834.0971 | E72: =SQRT((B72-[1]Centroids!B3)^2+(C72-[1]Centroids!C3)^2) -> 5834.0494 | F72: =SQRT((B72-[1]Centroids!B4)^2+(C72-[1]Centroids!C4)^2) -> 1334.006 | G72: =MATCH(MIN(D72:F72),D72:F72,0) -> 3 | H72: =MIN(D72:F72) -> 1334.006
A73: =Data!A73 -> 72 | B73: =Data!B73 -> 58 | C73: =Data!C73 -> 9532 | D73: =SQRT((B73-[1]Centroids!B2)^2+(C73-[1]Centroids!C2)^2) -> 8032.0678 | E73: =SQRT((B73-[1]Centroids!B3)^2+(C73-[1]Centroids!C3)^2) -> 6032.0269 | F73: =SQRT((B73-[1]Centroids!B4)^2+(C73-[1]Centroids!C4)^2) -> 1532.0013 | G73: =MATCH(MIN(D73:F73),D73:F73,0) -> 3 | H73: =MIN(D73:F73) -> 1532.0013
A74: =Data!A74 -> 73 | B74: =Data!B74 -> 50 | C74: =Data!C74 -> 5938 | D74: =SQRT((B74-[1]Centroids!B2)^2+(C74-[1]Centroids!C2)^2) -> 4438.0704 | E74: =SQRT((B74-[1]Centroids!B3)^2+(C74-[1]Centroids!C3)^2) -> 2438.0205 | F74: =SQRT((B74-[1]Centroids!B4)^2+(C74-[1]Centroids!C4)^2) -> 2062.0242 | G74: =MATCH(MIN(D74:F74),D74:F74,0) -> 3 | H74: =MIN(D74:F74) -> 2062.0242
A75: =Data!A75 -> 74 | B75: =Data!B75 -> 58 | C75: =Data!C75 -> 7786 | D75: =SQRT((B75-[1]Centroids!B2)^2+(C75-[1]Centroids!C2)^2) -> 6286.0866 | E75: =SQRT((B75-[1]Centroids!B3)^2+(C75-[1]Centroids!C3)^2) -> 4286.0378 | F75: =SQRT((B75-[1]Centroids!B4)^2+(C75-[1]Centroids!C4)^2) -> 214.00935 | G75: =MATCH(MIN(D75:F75),D75:F75,0) -> 3 | H75: =MIN(D75:F75) -> 214.00935
A76: =Data!A76 -> 75 | B76: =Data!B76 -> 53 | C76: =Data!C76 -> 7404 | D76: =SQRT((B76-[1]Centroids!B2)^2+(C76-[1]Centroids!C2)^2) -> 5904.0664 | E76: =SQRT((B76-[1]Centroids!B3)^2+(C76-[1]Centroids!C3)^2) -> 3904.0216 | F76: =SQRT((B76-[1]Centroids!B4)^2+(C76-[1]Centroids!C4)^2) -> 596.04111 | G76: =MATCH(MIN(D76:F76),D76:F76,0) -> 3 | H76: =MIN(D76:F76) -> 596.04111
A77: =Data!A77 -> 76 | B77: =Data!B77 -> 63 | C77: =Data!C77 -> 6295 | D77: =SQRT((B77-[1]Centroids!B2)^2+(C77-[1]Centroids!C2)^2) -> 4795.1506 | E77: =SQRT((B77-[1]Centroids!B3)^2+(C77-[1]Centroids!C3)^2) -> 2795.0946 | F77: =SQRT((B77-[1]Centroids!B4)^2+(C77-[1]Centroids!C4)^2) -> 1705.0026 | G77: =MATCH(MIN(D77:F77),D77:F77,0) -> 3 | H77: =MIN(D77:F77) -> 1705.0026
A78: =Data!A78 -> 77 | B78: =Data!B78 -> 64 | C78: =Data!C78 -> 5026 | D78: =SQRT((B78-[1]Centroids!B2)^2+(C78-[1]Centroids!C2)^2) -> 3526.2157 | E78: =SQRT((B78-[1]Centroids!B3)^2+(C78-[1]Centroids!C3)^2) -> 1526.1887 | F78: =SQRT((B78-[1]Centroids!B4)^2+(C78-[1]Centroids!C4)^2) -> 2974.0027 | G78: =MATCH(MIN(D78:F78),D78:F78,0) -> 2 | H78: =MIN(D78:F78) -> 1526.1887
A79: =Data!A79 -> 78 | B79: =Data!B79 -> 58 | C79: =Data!C79 -> 9100 | D79: =SQRT((B79-[1]Centroids!B2)^2+(C79-[1]Centroids!C2)^2) -> 7600.0716 | E79: =SQRT((B79-[1]Centroids!B3)^2+(C79-[1]Centroids!C3)^2) -> 5600.0289 | F79: =SQRT((B79-[1]Centroids!B4)^2+(C79-[1]Centroids!C4)^2) -> 1100.0018 | G79: =MATCH(MIN(D79:F79),D79:F79,0) -> 3 | H79: =MIN(D79:F79) -> 1100.0018
A80: =Data!A80 -> 79 | B80: =Data!B80 -> 55 | C80: =Data!C80 -> 9158 | D80: =SQRT((B80-[1]Centroids!B2)^2+(C80-[1]Centroids!C2)^2) -> 7658.0588 | E80: =SQRT((B80-[1]Centroids!B3)^2+(C80-[1]Centroids!C3)^2) -> 5658.0199 | F80: =SQRT((B80-[1]Centroids!B4)^2+(C80-[1]Centroids!C4)^2) -> 1158.0108 | G80: =MATCH(MIN(D80:F80),D80:F80,0) -> 3 | H80: =MIN(D80:F80) -> 1158.0108
A81: =Data!A81 -> 80 | B81: =Data!B81 -> 53 | C81: =Data!C81 -> 7444 | D81: =SQRT((B81-[1]Centroids!B2)^2+(C81-[1]Centroids!C2)^2) -> 5944.0659 | E81: =SQRT((B81-[1]Centroids!B3)^2+(C81-[1]Centroids!C3)^2) -> 3944.0214 | F81: =SQRT((B81-[1]Centroids!B4)^2+(C81-[1]Centroids!C4)^2) -> 556.04406 | G81: =MATCH(MIN(D81:F81),D81:F81,0) -> 3 | H81: =MIN(D81:F81) -> 556.04406
A82: =Data!A82 -> 81 | B82: =Data!B82 -> 56 | C82: =Data!C82 -> 6252 | D82: =SQRT((B82-[1]Centroids!B2)^2+(C82-[1]Centroids!C2)^2) -> 4752.1011 | E82: =SQRT((B82-[1]Centroids!B3)^2+(C82-[1]Centroids!C3)^2) -> 2752.0465 | F82: =SQRT((B82-[1]Centroids!B4)^2+(C82-[1]Centroids!C4)^2) -> 1748.0046 | G82: =MATCH(MIN(D82:F82),D82:F82,0) -> 3 | H82: =MIN(D82:F82) -> 1748.0046
A83: =Data!A83 -> 82 | B83: =Data!B83 -> 61 | C83: =Data!C83 -> 6323 | D83: =SQRT((B83-[1]Centroids!B2)^2+(C83-[1]Centroids!C2)^2) -> 4823.1344 | E83: =SQRT((B83-[1]Centroids!B3)^2+(C83-[1]Centroids!C3)^2) -> 2823.0781 | F83: =SQRT((B83-[1]Centroids!B4)^2+(C83-[1]Centroids!C4)^2) -> 1677.0003 | G83: =MATCH(MIN(D83:F83),D83:F83,0) -> 3 | H83: =MIN(D83:F83) -> 1677.0003
A84: =Data!A84 -> 83 | B84: =Data!B84 -> 50 | C84: =Data!C84 -> 9906 | D84: =SQRT((B84-[1]Centroids!B2)^2+(C84-[1]Centroids!C2)^2) -> 8406.0372 | E84: =SQRT((B84-[1]Centroids!B3)^2+(C84-[1]Centroids!C3)^2) -> 6406.0078 | F84: =SQRT((B84-[1]Centroids!B4)^2+(C84-[1]Centroids!C4)^2) -> 1906.0262 | G84: =MATCH(MIN(D84:F84),D84:F84,0) -> 3 | H84: =MIN(D84:F84) -> 1906.0262
A85: =Data!A85 -> 84 | B85: =Data!B85 -> 60 | C85: =Data!C85 -> 9002 | D85: =SQRT((B85-[1]Centroids!B2)^2+(C85-[1]Centroids!C2)^2) -> 7502.0816 | E85: =SQRT((B85-[1]Centroids!B3)^2+(C85-[1]Centroids!C3)^2) -> 5502.0364 | F85: =SQRT((B85-[1]Centroids!B4)^2+(C85-[1]Centroids!C4)^2) -> 1002 | G85: =MATCH(MIN(D85:F85),D85:F85,0) -> 3 | H85: =MIN(D85:F85) -> 1002
A86: =Data!A86 -> 85 | B86: =Data!B86 -> 50 | C86: =Data!C86 -> 5916 | D86: =SQRT((B86-[1]Centroids!B2)^2+(C86-[1]Centroids!C2)^2) -> 4416.0708 | E86: =SQRT((B86-[1]Centroids!B3)^2+(C86-[1]Centroids!C3)^2) -> 2416.0207 | F86: =SQRT((B86-[1]Centroids!B4)^2+(C86-[1]Centroids!C4)^2) -> 2084.024 | G86: =MATCH(MIN(D86:F86),D86:F86,0) -> 3 | H86: =MIN(D86:F86) -> 2084.024
A87: =Data!A87 -> 86 | B87: =Data!B87 -> 61 | C87: =Data!C87 -> 7519 | D87: =SQRT((B87-[1]Centroids!B2)^2+(C87-[1]Centroids!C2)^2) -> 6019.1077 | E87: =SQRT((B87-[1]Centroids!B3)^2+(C87-[1]Centroids!C3)^2) -> 4019.0549 | F87: =SQRT((B87-[1]Centroids!B4)^2+(C87-[1]Centroids!C4)^2) -> 481.00104 | G87: =MATCH(MIN(D87:F87),D87:F87,0) -> 3 | H87: =MIN(D87:F87) -> 481.00104
A88: =Data!A88 -> 87 | B88: =Data!B88 -> 57 | C88: =Data!C88 -> 5474 | D88: =SQRT((B88-[1]Centroids!B2)^2+(C88-[1]Centroids!C2)^2) -> 3974.1288 | E88: =SQRT((B88-[1]Centroids!B3)^2+(C88-[1]Centroids!C3)^2) -> 1974.0732 | F88: =SQRT((B88-[1]Centroids!B4)^2+(C88-[1]Centroids!C4)^2) -> 2526.0018 | G88: =MATCH(MIN(D88:F88),D88:F88,0) -> 2 | H88: =MIN(D88:F88) -> 1974.0732
A89: =Data!A89 -> 88 | B89: =Data!B89 -> 57 | C89: =Data!C89 -> 9647 | D89: =SQRT((B89-[1]Centroids!B2)^2+(C89-[1]Centroids!C2)^2) -> 8147.0628 | E89: =SQRT((B89-[1]Centroids!B3)^2+(C89-[1]Centroids!C3)^2) -> 6147.0235 | F89: =SQRT((B89-[1]Centroids!B4)^2+(C89-[1]Centroids!C4)^2) -> 1647.0027 | G89: =MATCH(MIN(D89:F89),D89:F89,0) -> 3 | H89: =MIN(D89:F89) -> 1647.0027
A90: =Data!A90 -> 89 | B90: =Data!B90 -> 52 | C90: =Data!C90 -> 5701 | D90: =SQRT((B90-[1]Centroids!B2)^2+(C90-[1]Centroids!C2)^2) -> 4201.0868 | E90: =SQRT((B90-[1]Centroids!B3)^2+(C90-[1]Centroids!C3)^2) -> 2201.0327 | F90: =SQRT((B90-[1]Centroids!B4)^2+(C90-[1]Centroids!C4)^2) -> 2299.0139 | G90: =MATCH(MIN(D90:F90),D90:F90,0) -> 2 | H90: =MIN(D90:F90) -> 2201.0327
A91: =Data!A91 -> 90 | B91: =Data!B91 -> 65 | C91: =Data!C91 -> 5566 | D91: =SQRT((B91-[1]Centroids!B2)^2+(C91-[1]Centroids!C2)^2) -> 4066.1967 | E91: =SQRT((B91-[1]Centroids!B3)^2+(C91-[1]Centroids!C3)^2) -> 2066.1513 | F91: =SQRT((B91-[1]Centroids!B4)^2+(C91-[1]Centroids!C4)^2) -> 2434.0051 | G91: =MATCH(MIN(D91:F91),D91:F91,0) -> 2 | H91: =MIN(D91:F91) -> 2066.1513
A92: =Data!A92 -> 91 | B92: =Data!B92 -> 54 | C92: =Data!C92 -> 6051 | D92: =SQRT((B92-[1]Centroids!B2)^2+(C92-[1]Centroids!C2)^2) -> 4551.0924 | E92: =SQRT((B92-[1]Centroids!B3)^2+(C92-[1]Centroids!C3)^2) -> 2551.0384 | F92: =SQRT((B92-[1]Centroids!B4)^2+(C92-[1]Centroids!C4)^2) -> 1949.0092 | G92: =MATCH(MIN(D92:F92),D92:F92,0) -> 3 | H92: =MIN(D92:F92) -> 1949.0092
A93: =Data!A93 -> 92 | B93: =Data!B93 -> 65 | C93: =Data!C93 -> 9503 | D93: =SQRT((B93-[1]Centroids!B2)^2+(C93-[1]Centroids!C2)^2) -> 8003.1 | E93: =SQRT((B93-[1]Centroids!B3)^2+(C93-[1]Centroids!C3)^2) -> 6003.0521 | F93: =SQRT((B93-[1]Centroids!B4)^2+(C93-[1]Centroids!C4)^2) -> 1503.0083 | G93: =MATCH(MIN(D93:F93),D93:F93,0) -> 3 | H93: =MIN(D93:F93) -> 1503.0083
A94: =Data!A94 -> 93 | B94: =Data!B94 -> 55 | C94: =Data!C94 -> 7171 | D94: =SQRT((B94-[1]Centroids!B2)^2+(C94-[1]Centroids!C2)^2) -> 5671.0794 | E94: =SQRT((B94-[1]Centroids!B3)^2+(C94-[1]Centroids!C3)^2) -> 3671.0306 | F94: =SQRT((B94-[1]Centroids!B4)^2+(C94-[1]Centroids!C4)^2) -> 829.01508 | G94: =MATCH(MIN(D94:F94),D94:F94,0) -> 3 | H94: =MIN(D94:F94) -> 829.01508
A95: =Data!A95 -> 94 | B95: =Data!B95 -> 63 | C95: =Data!C95 -> 6735 | D95: =SQRT((B95-[1]Centroids!B2)^2+(C95-[1]Centroids!C2)^2) -> 5235.1379 | E95: =SQRT((B95-[1]Centroids!B3)^2+(C95-[1]Centroids!C3)^2) -> 3235.0818 | F95: =SQRT((B95-[1]Centroids!B4)^2+(C95-[1]Centroids!C4)^2) -> 1265.0036 | G95: =MATCH(MIN(D95:F95),D95:F95,0) -> 3 | H95: =MIN(D95:F95) -> 1265.0036
A96: =Data!A96 -> 95 | B96: =Data!B96 -> 56 | C96: =Data!C96 -> 7553 | D96: =SQRT((B96-[1]Centroids!B2)^2+(C96-[1]Centroids!C2)^2) -> 6053.0794 | E96: =SQRT((B96-[1]Centroids!B3)^2+(C96-[1]Centroids!C3)^2) -> 4053.0316 | F96: =SQRT((B96-[1]Centroids!B4)^2+(C96-[1]Centroids!C4)^2) -> 447.0179 | G96: =MATCH(MIN(D96:F96),D96:F96,0) -> 3 | H96: =MIN(D96:F96) -> 447.0179
A97: =Data!A97 -> 96 | B97: =Data!B97 -> 62 | C97: =Data!C97 -> 8059 | D97: =SQRT((B97-[1]Centroids!B2)^2+(C97-[1]Centroids!C2)^2) -> 6559.1044 | E97: =SQRT((B97-[1]Centroids!B3)^2+(C97-[1]Centroids!C3)^2) -> 4559.0531 | F97: =SQRT((B97-[1]Centroids!B4)^2+(C97-[1]Centroids!C4)^2) -> 59.033889 | G97: =MATCH(MIN(D97:F97),D97:F97,0) -> 3 | H97: =MIN(D97:F97) -> 59.033889
A98: =Data!A98 -> 97 | B98: =Data!B98 -> 64 | C98: =Data!C98 -> 9239 | D98: =SQRT((B98-[1]Centroids!B2)^2+(C98-[1]Centroids!C2)^2) -> 7739.0983 | E98: =SQRT((B98-[1]Centroids!B3)^2+(C98-[1]Centroids!C3)^2) -> 5739.0502 | F98: =SQRT((B98-[1]Centroids!B4)^2+(C98-[1]Centroids!C4)^2) -> 1239.0065 | G98: =MATCH(MIN(D98:F98),D98:F98,0) -> 3 | H98: =MIN(D98:F98) -> 1239.0065
A99: =Data!A99 -> 98 | B99: =Data!B99 -> 64 | C99: =Data!C99 -> 5991 | D99: =SQRT((B99-[1]Centroids!B2)^2+(C99-[1]Centroids!C2)^2) -> 4491.1693 | E99: =SQRT((B99-[1]Centroids!B3)^2+(C99-[1]Centroids!C3)^2) -> 2491.1156 | F99: =SQRT((B99-[1]Centroids!B4)^2+(C99-[1]Centroids!C4)^2) -> 2009.004 | G99: =MATCH(MIN(D99:F99),D99:F99,0) -> 3 | H99: =MIN(D99:F99) -> 2009.004
A100: =Data!A100 -> 99 | B100: =Data!B100 -> 57 | C100: =Data!C100 -> 6840 | D100: =SQRT((B100-[1]Centroids!B2)^2+(C100-[1]Centroids!C2)^2) -> 5340.0959 | E100: =SQRT((B100-[1]Centroids!B3)^2+(C100-[1]Centroids!C3)^2) -> 3340.0433 | F100: =SQRT((B100-[1]Centroids!B4)^2+(C100-[1]Centroids!C4)^2) -> 1160.0039 | G100: =MATCH(MIN(D100:F100),D100:F100,0) -> 3 | H100: =MIN(D100:F100) -> 1160.0039
...

Sheet Iteration_2
A1: ID | B1: X | C1: Y | D1: Dist C1 | E1: Dist C2 | F1: Dist C3 | G1: Cluster | H1: MinDist
A2: =Data!A2 -> 1 | B2: =Data!B2 -> 28 | C2: =Data!C2 -> 1028 | D2: =SQRT((B2-Centroids!$D$2)^2+(C2-Centroids!$E$2)^2) -> 454.39041 | E2: =SQRT((B2-Centroids!$D$3)^2+(C2-Centroids!$E$3)^2) -> 2909.8369 | F2: =SQRT((B2-Centroids!$D$4)^2+(C2-Centroids!$E$4)^2) -> 6828.5644 | G2: =IF(D2=MIN(D2:F2),1,IF(E2=MIN(D2:F2),2,3)) -> 1 | H2: =MIN(D2:F2) -> 454.39041
A3: =Data!A3 -> 2 | B3: =Data!B3 -> 18 | C3: =Data!C3 -> 1363 | D3: =SQRT((B3-Centroids!$D$2)^2+(C3-Centroids!$E$2)^2) -> 119.77637 | E3: =SQRT((B3-Centroids!$D$3)^2+(C3-Centroids!$E$3)^2) -> 2574.924 | F3: =SQRT((B3-Centroids!$D$4)^2+(C3-Centroids!$E$4)^2) -> 6493.6212 | G3: =IF(D3=MIN(D3:F3),1,IF(E3=MIN(D3:F3),2,3)) -> 1 | H3: =MIN(D3:F3) -> 119.77637
A4: =Data!A4 -> 3 | B4: =Data!B4 -> 21 | C4: =Data!C4 -> 1257 | D4: =SQRT((B4-Centroids!$D$2)^2+(C4-Centroids!$E$2)^2) -> 225.48714 | E4: =SQRT((B4-Centroids!$D$3)^2+(C4-Centroids!$E$3)^2) -> 2680.8915 | F4: =SQRT((B4-Centroids!$D$4)^2+(C4-Centroids!$E$4)^2) -> 6599.6019 | G4: =IF(D4=MIN(D4:F4),1,IF(E4=MIN(D4:F4),2,3)) -> 1 | H4: =MIN(D4:F4) -> 225.48714
A5: =Data!A5 -> 4 | B5: =Data!B5 -> 20 | C5: =Data!C5 -> 1009 | D5: =SQRT((B5-Centroids!$D$2)^2+(C5-Centroids!$E$2)^2) -> 473.4514 | E5: =SQRT((B5-Centroids!$D$3)^2+(C5-Centroids!$E$3)^2) -> 2928.8912 | F5: =SQRT((B5-Centroids!$D$4)^2+(C5-Centroids!$E$4)^2) -> 6847.6036 | G5: =IF(D5=MIN(D5:F5),1,IF(E5=MIN(D5:F5),2,3)) -> 1 | H5: =MIN(D5:F5) -> 473.4514
A6: =Data!A6 -> 5 | B6: =Data!B6 -> 28 | C6: =Data!C6 -> 1916 | D6: =SQRT((B6-Centroids!$D$2)^2+(C6-Centroids!$E$2)^2) -> 433.60993 | E6: =SQRT((B6-Centroids!$D$3)^2+(C6-Centroids!$E$3)^2) -> 2021.8561 | F6: =SQRT((B6-Centroids!$D$4)^2+(C6-Centroids!$E$4)^2) -> 5940.5741 | G6: =IF(D6=MIN(D6:F6),1,IF(E6=MIN(D6:F6),2,3)) -> 1 | H6: =MIN(D6:F6) -> 433.60993
A7: =Data!A7 -> 6 | B7: =Data!B7 -> 19 | C7: =Data!C7 -> 1664 | D7: =SQRT((B7-Centroids!$D$2)^2+(C7-Centroids!$E$2)^2) -> 181.81373 | E7: =SQRT((B7-Centroids!$D$3)^2+(C7-Centroids!$E$3)^2) -> 2273.9302 | F7: =SQRT((B7-Centroids!$D$4)^2+(C7-Centroids!$E$4)^2) -> 6192.6207 | G7: =IF(D7=MIN(D7:F7),1,IF(E7=MIN(D7:F7),2,3)) -> 1 | H7: =MIN(D7:F7) -> 181.81373
A8: =Data!A8 -> 7 | B8: =Data!B8 -> 18 | C8: =Data!C8 -> 861 | D8: =SQRT((B8-Centroids!$D$2)^2+(C8-Centroids!$E$2)^2) -> 621.46455 | E8: =SQRT((B8-Centroids!$D$3)^2+(C8-Centroids!$E$3)^2) -> 3076.9027 | F8: =SQRT((B8-Centroids!$D$4)^2+(C8-Centroids!$E$4)^2) -> 6995.6125 | G8: =IF(D8=MIN(D8:F8),1,IF(E8=MIN(D8:F8),2,3)) -> 1 | H8: =MIN(D8:F8) -> 621.46455
A9: =Data!A9 -> 8 | B9: =Data!B9 -> 19 | C9: =Data!C9 -> 1247 | D9: =SQRT((B9-Centroids!$D$2)^2+(C9-Centroids!$E$2)^2) -> 235.54765 | E9: =SQRT((B9-Centroids!$D$3)^2+(C9-Centroids!$E$3)^2) -> 2690.9089 | F9: =SQRT((B9-Centroids!$D$4)^2+(C9-Centroids!$E$4)^2) -> 6609.6131 | G9: =IF(D9=MIN(D9:F9),1,IF(E9=MIN(D9:F9),2,3)) -> 1 | H9: =MIN(D9:F9) -> 235.54765
A10: =Data!A10 -> 9 | B10: =Data!B10 -> 21 | C10: =Data!C10 -> 1834 | D10: =SQRT((B10-Centroids!$D$2)^2+(C10-Centroids!$E$2)^2) -> 351.67188 | E10: =SQRT((B10-Centroids!$D$3)^2+(C10-Centroids!$E$3)^2) -> 2103.9184 | F10: =SQRT((B10-Centroids!$D$4)^2+(C10-Centroids!$E$4)^2) -> 6022.6116 | G10: =IF(D10=MIN(D10:F10),1,IF(E10=MIN(D10:F10),2,3)) -> 1 | H10: =MIN(D10:F10) -> 351.67188
A11: =Data!A11 -> 10 | B11: =Data!B11 -> 27 | C11: =Data!C11 -> 854 | D11: =SQRT((B11-Centroids!$D$2)^2+(C11-Centroids!$E$2)^2) -> 628.39054 | E11: =SQRT((B11-Centroids!$D$3)^2+(C11-Centroids!$E$3)^2) -> 3083.8398 | F11: =SQRT((B11-Centroids!$D$4)^2+(C11-Centroids!$E$4)^2) -> 7002.5672 | G11: =IF(D11=MIN(D11:F11),1,IF(E11=MIN(D11:F11),2,3)) -> 1 | H11: =MIN(D11:F11) -> 628.39054
A12: =Data!A12 -> 11 | B12: =Data!B12 -> 26 | C12: =Data!C12 -> 1207 | D12: =SQRT((B12-Centroids!$D$2)^2+(C12-Centroids!$E$2)^2) -> 275.39495 | E12: =SQRT((B12-Centroids!$D$3)^2+(C12-Centroids!$E$3)^2) -> 2730.8522 | F12: =SQRT((B12-Centroids!$D$4)^2+(C12-Centroids!$E$4)^2) -> 6649.5754 | G12: =IF(D12=MIN(D12:F12),1,IF(E12=MIN(D12:F12),2,3)) -> 1 | H12: =MIN(D12:F12) -> 275.39495
A13: =Data!A13 -> 12 | B13: =Data!B13 -> 29 | C13: =Data!C13 -> 1916 | D13: =SQRT((B13-Centroids!$D$2)^2+(C13-Centroids!$E$2)^2) -> 433.61198 | E13: =SQRT((B13-Centroids!$D$3)^2+(C13-Centroids!$E$3)^2) -> 2021.8485 | F13: =SQRT((B13-Centroids!$D$4)^2+(C13-Centroids!$E$4)^2) -> 5940.5692 | G13: =IF(D13=MIN(D13:F13),1,IF(E13=MIN(D13:F13),2,3)) -> 1 | H13: =MIN(D13:F13) -> 433.61198
... A101: =Data!A101 -> 100 | B101: =Data!B101 -> 52 | C101: =Data!C101 -> 7769 | D101: =SQRT((B101-Centroids!$D$2)^2+(C101-Centroids!$E$2)^2) -> 6286.6571 | E101: =SQRT((B101-Centroids!$D$3)^2+(C101-Centroids!$E$3)^2) -> 3831.2153 | F101: =SQRT((B101-Centroids!$D$4)^2+(C101-Centroids!$E$4)^2) -> 87.6833 | G101: =IF(D101=MIN(D101:F101),1,IF(E101=MIN(D101:F101),2,3)) -> 3 | H101: =MIN(D101:F101) -> 87.6833

Sheet Iteration_3
A1: ID | B1: X | C1: Y | D1: Dist C1 | E1: Dist C2 | F1: Dist C3 | G1: Cluster | H1: MinDist
A2: =Data!A2 -> 1 | B2: =Data!B2 -> 28 | C2: =Data!C2 -> 1028 | D2: =SQRT((B2-Centroids!$F$2)^2+(C2-Centroids!$G$2)^2) -> 555.75601 | E2: =SQRT((B2-Centroids!$F$3)^2+(C2-Centroids!$G$3)^2) -> 3120.2442 | F2: =SQRT((B2-Centroids!$F$4)^2+(C2-Centroids!$G$4)^2) -> 6828.5644 | G2: =IF(D2=MIN(D2:F2),1,IF(E2=MIN(D2:F2),2,3)) -> 1 | H2: =MIN(D2:F2) -> 555.75601
A3: =Data!A3 -> 2 | B3: =Data!B3 -> 18 | C3: =Data!C3 -> 1363 | D3: =SQRT((B3-Centroids!$F$2)^2+(C3-Centroids!$G$2)^2) -> 221.01526 | E3: =SQRT((B3-Centroids!$F$3)^2+(C3-Centroids!$G$3)^2) -> 2785.327 | F3: =SQRT((B3-Centroids!$F$4)^2+(C3-Centroids!$G$4)^2) -> 6493.6212 | G3: =IF(D3=MIN(D3:F3),1,IF(E3=MIN(D3:F3),2,3)) -> 1 | H3: =MIN(D3:F3) -> 221.01526
A4: =Data!A4 -> 3 | B4: =Data!B4 -> 21 | C4: =Data!C4 -> 1257 | D4: =SQRT((B4-Centroids!$F$2)^2+(C4-Centroids!$G$2)^2) -> 326.84653 | E4: =SQRT((B4-Centroids!$F$3)^2+(C4-Centroids!$G$3)^2) -> 2891.2963 | F4: =SQRT((B4-Centroids!$F$4)^2+(C4-Centroids!$G$4)^2) -> 6599.6019 | G4: =IF(D4=MIN(D4:F4),1,IF(E4=MIN(D4:F4),2,3)) -> 1 | H4: =MIN(D4:F4) -> 326.84653
A5: =Data!A5 -> 4 | B5: =Data!B5 -> 20 | C5: =Data!C5 -> 1009 | D5: =SQRT((B5-Centroids!$F$2)^2+(C5-Centroids!$G$2)^2) -> 574.82157 | E5: =SQRT((B5-Centroids!$F$3)^2+(C5-Centroids!$G$3)^2) -> 3139.2964 | F5: =SQRT((B5-Centroids!$F$4)^2+(C5-Centroids!$G$4)^2) -> 6847.6036 | G5: =IF(D5=MIN(D5:F5),1,IF(E5=MIN(D5:F5),2,3)) -> 1 | H5: =MIN(D5:F5) -> 574.82157
A6: =Data!A6 -> 5 | B6: =Data!B6 -> 28 | C6: =Data!C6 -> 1916 | D6: =SQRT((B6-Centroids!$F$2)^2+(C6-Centroids!$G$2)^2) -> 332.24521 | E6: =SQRT((B6-Centroids!$F$3)^2+(C6-Centroids!$G$3)^2) -> 2232.2617 | F6: =SQRT((B6-Centroids!$F$4)^2+(C6-Centroids!$G$4)^2) -> 5940.5741 | G6: =IF(D6=MIN(D6:F6),1,IF(E6=MIN(D6:F6),2,3)) -> 1 | H6: =MIN(D6:F6) -> 332.24521
A7: =Data!A7 -> 6 | B7: =Data!B7 -> 19 | C7: =Data!C7 -> 1664 | D7: =SQRT((B7-Centroids!$F$2)^2+(C7-Centroids!$G$2)^2) -> 80.829924 | E7: =SQRT((B7-Centroids!$F$3)^2+(C7-Centroids!$G$3)^2) -> 2484.3319 | F7: =SQRT((B7-Centroids!$F$4)^2+(C7-Centroids!$G$4)^2) -> 6192.6207 | G7: =IF(D7=MIN(D7:F7),1,IF(E7=MIN(D7:F7),2,3)) -> 1 | H7: =MIN(D7:F7) -> 80.829924
A8: =Data!A8 -> 7 | B8: =Data!B8 -> 18 | C8: =Data!C8 -> 861 | D8: =SQRT((B8-Centroids!$F$2)^2+(C8-Centroids!$G$2)^2) -> 722.83492 | E8: =SQRT((B8-Centroids!$F$3)^2+(C8-Centroids!$G$3)^2) -> 3287.3076 | F8: =SQRT((B8-Centroids!$F$4)^2+(C8-Centroids!$G$4)^2) -> 6995.6125 | G8: =IF(D8=MIN(D8:F8),1,IF(E8=MIN(D8:F8),2,3)) -> 1 | H8: =MIN(D8:F8) -> 722.83492
A9: =Data!A9 -> 8 | B9: =Data!B9 -> 19 | C9: =Data!C9 -> 1247 | D9: =SQRT((B9-Centroids!$F$2)^2+(C9-Centroids!$G$2)^2) -> 336.89555 | E9: =SQRT((B9-Centroids!$F$3)^2+(C9-Centroids!$G$3)^2) -> 2901.3129 | F9: =SQRT((B9-Centroids!$F$4)^2+(C9-Centroids!$G$4)^2) -> 6609.6131 | G9: =IF(D9=MIN(D9:F9),1,IF(E9=MIN(D9:F9),2,3)) -> 1 | H9: =MIN(D9:F9) -> 336.89555
A10: =Data!A10 -> 9 | B10: =Data!B10 -> 21 | C10: =Data!C10 -> 1834 | D10: =SQRT((B10-Centroids!$F$2)^2+(C10-Centroids!$G$2)^2) -> 250.36322 | E10: =SQRT((B10-Centroids!$F$3)^2+(C10-Centroids!$G$3)^2) -> 2314.3203 | F10: =SQRT((B10-Centroids!$F$4)^2+(C10-Centroids!$G$4)^2) -> 6022.6116 | G10: =IF(D10=MIN(D10:F10),1,IF(E10=MIN(D10:F10),2,3)) -> 1 | H10: =MIN(D10:F10) -> 250.36322
A11: =Data!A11 -> 10 | B11: =Data!B11 -> 27 | C11: =Data!C11 -> 854 | D11: =SQRT((B11-Centroids!$F$2)^2+(C11-Centroids!$G$2)^2) -> 729.75756 | E11: =SQRT((B11-Centroids!$F$3)^2+(C11-Centroids!$G$3)^2) -> 3294.247 | F11: =SQRT((B11-Centroids!$F$4)^2+(C11-Centroids!$G$4)^2) -> 7002.5672 | G11: =IF(D11=MIN(D11:F11),1,IF(E11=MIN(D11:F11),2,3)) -> 1 | H11: =MIN(D11:F11) -> 729.75756
A12: =Data!A12 -> 11 | B12: =Data!B12 -> 26 | C12: =Data!C12 -> 1207 | D12: =SQRT((B12-Centroids!$F$2)^2+(C12-Centroids!$G$2)^2) -> 376.76531 | E12: =SQRT((B12-Centroids!$F$3)^2+(C12-Centroids!$G$3)^2) -> 2941.2588 | F12: =SQRT((B12-Centroids!$F$4)^2+(C12-Centroids!$G$4)^2) -> 6649.5754 | G12: =IF(D12=MIN(D12:F12),1,IF(E12=MIN(D12:F12),2,3)) -> 1 | H12: =MIN(D12:F12) -> 376.76531
A13: =Data!A13 -> 12 | B13: =Data!B13 -> 29 | C13: =Data!C13 -> 1916 | D13: =SQRT((B13-Centroids!$F$2)^2+(C13-Centroids!$G$2)^2) -> 332.24457 | E13: =SQRT((B13-Centroids!$F$3)^2+(C13-Centroids!$G$3)^2) -> 2232.2545 | F13: =SQRT((B13-Centroids!$F$4)^2+(C13-Centroids!$G$4)^2) -> 5940.5692 | G13: =IF(D13=MIN(D13:F13),1,IF(E13=MIN(D13:F13),2,3)) -> 1 | H13: =MIN(D13:F13) -> 332.24457
... A101: =Data!A101 -> 100 | B101: =Data!B101 -> 52 | C101: =Data!C101 -> 7769 | D101: =SQRT((B101-Centroids!$F$2)^2+(C101-Centroids!$G$2)^2) -> 6185.2883 | E101: =SQRT((B101-Centroids!$F$3)^2+(C101-Centroids!$G$3)^2) -> 3620.8076 | F101: =SQRT((B101-Centroids!$F$4)^2+(C101-Centroids!$G$4)^2) -> 87.6833 | G101: =IF(D101=MIN(D101:F101),1,IF(E101=MIN(D101:F101),2,3)) -> 3 | H101: =MIN(D101:F101) -> 87.6833

Sheet Centroids
A1: Cluster | B1: Iter1_X | C1: Iter1_Y | D1: Iter2_X | E1: Iter2_Y | F1: Iter3_X | G1: Iter3_Y
A2: 1 | B2: 25 | C2: 1500 | D2: =AVERAGEIF(Iteration_1!G:G,1,Iteration_1!B:B) -> 27.609756 | E2: =AVERAGEIF(Iteration_1!G:G,1,Iteration_1!C:C) -> 1482.3902 | F2: =AVERAGEIF(Iteration_2!G:G,1,Iteration_2!B:B) -> 28.711111 | G2: =AVERAGEIF(Iteration_2!G:G,1,Iteration_2!C:C) -> 1583.7556
A3: 2 | B3: 40 | C3: 3500 | D3: =AVERAGEIF(Iteration_1!G:G,2,Iteration_1!B:B) -> 43.965517 | E3: =AVERAGEIF(Iteration_1!G:G,2,Iteration_1!C:C) -> 3937.7931 | F3: =AVERAGEIF(Iteration_2!G:G,2,Iteration_2!B:B) -> 44.6 | G3: =AVERAGEIF(Iteration_2!G:G,2,Iteration_2!C:C) -> 4148.2
A4: 3 | B4: 60 | C4: 8000 | D4: =AVERAGEIF(Iteration_1!G:G,3,Iteration_1!B:B) -> 57.666667 | E4: =AVERAGEIF(Iteration_1!G:G,3,Iteration_1!C:C) -> 7856.5 | F4: =AVERAGEIF(Iteration_2!G:G,3,Iteration_2!B:B) -> 57.666667 | G4: =AVERAGEIF(Iteration_2!G:G,3,Iteration_2!C:C) -> 7856.5

Sheet Variance
A1: Iteration | B1: Variance
A2: 1 | B2: =SUM(Iteration_1!H2:H101) -> 79394.778
A3: 2 | B3: =SUM(Iteration_2!H2:H101) -> 76366.887
A4: 3 | B4: =SUM(Iteration_3!H2:H101) -> 76063.648
